<?xml version="1.0" encoding="UTF-8"?>
<project-private xmlns="http://www.netbeans.org/ns/project-private/1">
    <editor-bookmarks xmlns="http://www.netbeans.org/ns/editor-bookmarks/2" lastBookmarkId="0"/>
    <open-files xmlns="http://www.netbeans.org/ns/projectui-open-files/2">
        <group>
            <file>file:/C:/Users/karla/OneDrive/Escritorio/Digital2_Lab_2.X/Lab_2.c</file>
            <file>file:/C:/Users/karla/OneDrive/Escritorio/Digital2_Lab_2.X/LCD.h</file>
            <file>file:/C:/Users/karla/OneDrive/Escritorio/Digital2_Lab_2.X/ADC.c</file>
            <file>file:/C:/Users/karla/OneDrive/Escritorio/Digital2_Lab_2.X/LCD.c</file>
            <file>file:/C:/Users/karla/OneDrive/Escritorio/Digital2_Lab_2.X/ADC.h</file>
        </group>
    </open-files>
</project-private>
